,,,,,,,,Wafer #8 Bin #14,,,,,Wafer #10 Bin #14,,,,
Test Name,LL,UL,Unit,Avg,Min,Max,,T28,S28,H33,AB26,AA26,AE37,AF19,AI33,D31,W31
VDD5V0,4.5,5.5,V,4.999295159,4.999259607,4.999335879,,4.999267019,4.999276305,4.999259607,4.999293816,4.999293606,4.999300645,4.999335879,4.999332652,4.999293915,4.999298151
VDD3V3,3,3.6,V,3.299713678,3.299652592,3.299772062,,3.299730801,3.299734116,3.299772062,3.299652592,3.299741234,3.299710456,3.299676468,3.299703214,3.299702135,3.299713699
VDD1V8,1.6,2,V,1.806691351,1.8066804,1.806708717,,1.806683428,1.8066804,1.806685369,1.806681899,1.806683505,1.806699618,1.806703196,1.806708717,1.806692963,1.806694409
IDD5V0_STBY_CLK_OFF,0,1,mA,0.197144924,0.189770944,0.203680247,,0.200218055,0.199368224,0.190013088,0.198516063,0.1968164,0.195296016,0.201130752,0.203680247,0.196639448,0.189770944
IDD3V3_STBY_CLK_OFF,0,1,mA,0.023562592,0.017609913,0.075336982,,0.017986633,0.017684069,0.017609913,0.075336982,0.017749611,0.017717452,0.018115534,0.017854822,0.017662707,0.017908198
IDD1V8_STBY_CLK_OFF,0,1,mA,0.034839148,0.030200463,0.040349551,,0.040349551,0.030200463,0.033664983,0.032999087,0.032025855,0.035248231,0.035185367,0.035671983,0.033420511,0.039625447
IDD5V0_EN,40,85,mA,83.08344474,80.11494298,84.81903467,,80.11494298,82.9114113,82.69326761,82.39356801,83.54748599,82.73337036,84.81903467,84.24457163,84.16302502,83.21376983
IDD3V3_EN,0.02,0.3,mA,0.032191729,0.026741298,0.078734767,,0.027222559,0.026881113,0.026866328,0.078734767,0.026961323,0.027014758,0.027312431,0.027127797,0.026741298,0.027054921
IDD1V8_EN,5,20,mA,16.99199062,16.47949684,17.61457417,,16.47949684,16.6383246,16.5968854,16.90629404,16.80556219,17.42741093,17.47214235,17.61457417,17.10816752,16.87104814
SCAN,1,,P/F,1,1,1,,1,1,1,1,1,1,1,1,1,1
MBIST(DMEM&PMEM),1,,P/F,1,1,1,,1,1,1,1,1,1,1,1,1,1
GPIO_1_VOL_2mA Sink,-0.2,0.2,V,0.106929191,0.105853687,0.108141993,,0.107226671,0.10699784,0.108141993,0.106540179,0.106540179,0.107684332,0.105853687,0.106311349,0.10699784,0.10699784
GPIO_2_VOL_2mA Sink,-0.2,0.2,V,0.107675012,0.106828335,0.108430156,,0.10751483,0.108430156,0.108430156,0.107285998,0.10751483,0.107743662,0.106828335,0.107285998,0.108201325,0.10751483
GPIO_3_VOL_2mA Sink,-0.2,0.2,V,0.111778341,0.110565487,0.112625051,,0.111709689,0.112625051,0.112625051,0.111938529,0.111709689,0.111938529,0.110565487,0.110794327,0.111709689,0.11216737
GPIO_4_VOL_2mA Sink,-0.2,0.2,V,0.110576431,0.109432246,0.111491779,,0.110805268,0.111262942,0.111491779,0.10988992,0.110347594,0.111262942,0.109432246,0.10988992,0.110805268,0.110576431
GPIO_5_VOL_2mA Sink,-0.2,0.2,V,0.10993571,0.10870002,0.110759503,,0.110073009,0.110073009,0.110759503,0.109615346,0.11030184,0.11030184,0.10870002,0.109157683,0.11030184,0.110073009
GPIO_6_VOL_2mA Sink,-0.2,0.2,V,0.113356178,0.112097602,0.114157091,,0.113470594,0.113928258,0.114157091,0.113470594,0.113241762,0.113699426,0.112097602,0.112784098,0.113470594,0.113241762
GPIO_7_VOL_2mA Sink,-0.2,0.2,V,0.111640995,0.110565487,0.112396139,,0.112167308,0.111938476,0.112396139,0.111251981,0.111938476,0.111938476,0.110565487,0.110565487,0.111938476,0.111709644
GPIO_8_VOL_2mA Sink,-0.2,0.2,V,0.113644828,0.112317614,0.114834744,,0.114148254,0.114148254,0.114834744,0.112775274,0.113690594,0.113919424,0.112317614,0.112775274,0.113919424,0.113919424
GPIO_1_VOH_2mA Source,2.8,3.5,V,2.970116832,2.966455543,2.974464613,,2.974464613,2.970574494,2.969659171,2.971032155,2.971032155,2.966455543,2.971032155,2.967599696,2.972633969,2.966684374
GPIO_2_VOH_2mA Source,2.8,3.5,V,2.977099641,2.973850233,2.980944012,,2.980944012,2.977282707,2.976138549,2.977511538,2.978426865,2.973850233,2.976825044,2.974765559,2.980028686,2.975223222
GPIO_3_VOH_2mA Source,2.8,3.5,V,2.970878337,2.967171122,2.972892132,,2.972892132,2.970374888,2.970832569,2.972205611,2.972205611,2.967171122,2.972892132,2.970146047,2.972663292,2.967399962
GPIO_4_VOH_2mA Source,2.8,3.5,V,2.984667749,2.981097893,2.988420675,,2.988420675,2.985674632,2.983157425,2.985674632,2.985216958,2.981097893,2.985216958,2.982013241,2.987734165,2.982470915
GPIO_5_VOH_2mA Source,2.8,3.5,V,2.967413952,2.964278961,2.970686243,,2.970686243,2.966567276,2.967024939,2.968855591,2.967940265,2.964278961,2.969313254,2.96565195,2.969542085,2.964278961
GPIO_6_VOH_2mA Source,-0.2,0.2,V,0.021470964,0.021013299,0.021928628,,0.021928628,0.021470964,0.021928628,0.021470964,0.021470964,0.021470964,0.021242132,0.021013299,0.021699796,0.021013299
GPIO_7_VOH_2mA Source,2.8,3.5,V,2.966969348,2.962484249,2.969120365,,2.968891533,2.967289712,2.967518544,2.968662702,2.969120365,2.962484249,2.968891533,2.964772565,2.96843387,2.963628407
GPIO_8_VOH_2mA Source,2.8,3.5,V,2.969319755,2.965589826,2.971768236,,2.971310576,2.968106956,2.969022276,2.971768236,2.970624086,2.965589826,2.971310576,2.968106956,2.971081746,2.966276316
SPI0_CLK_VOL_6.5mA Sink,-0.2,0.5,V,0.135555163,0.132946079,0.13821002,,0.132946079,0.135692483,0.13821002,0.134548148,0.135005882,0.137752286,0.132946079,0.137294552,0.137523419,0.13363268
SPI0_CLK_VOH_6.5mA Source,2.9,3.5,V,3.086132442,3.082722323,3.088672866,,3.088443999,3.088672866,3.086384195,3.084324392,3.088443999,3.085926461,3.082722323,3.085926461,3.085468727,3.085010993
SPI0_SSN_VOL_6.5mA Sink,-0.2,0.5,V,0.133934965,0.131692091,0.136269385,,0.131692091,0.134438467,0.136269385,0.133294144,0.133065279,0.135353926,0.13214982,0.134896197,0.135811655,0.132378685
SPI0_SSN_VOH_6.5mA Source,2.9,3.5,V,3.085603824,3.081896216,3.088762156,,3.088762156,3.088075562,3.084642592,3.084184863,3.088533292,3.086244645,3.081896216,3.085329186,3.084184863,3.084184863
VBG,1.205,1.245,V,1.226405797,1.223597342,1.228637456,,1.224066734,1.223597342,1.227655001,1.225573381,1.225227974,1.227173944,1.226343676,1.228281279,1.228637456,1.22750118
VBG_VR2,-0.9,-0.3,V,-0.618521321,-0.620835728,-0.615781638,,-0.618628489,-0.616972307,-0.615781638,-0.616748896,-0.618104737,-0.61961665,-0.620835728,-0.619352122,-0.620702155,-0.618470484
EDAC_VREF DiffV,2.45,2.55,V,2.494586541,2.484700003,2.499680617,,2.495743288,2.484700003,2.495805277,2.49396196,2.490788952,2.495853305,2.493661293,2.499680617,2.49890354,2.496767175
EDAC_VREF SglV,2.45,2.55,V,2.496789424,2.486894929,2.501884148,,2.497834903,2.486894929,2.497992937,2.496141941,2.492920622,2.498065143,2.495944549,2.501884148,2.501235615,2.498979453
OVT_VREF DiffV,2.45,2.55,V,2.496846556,2.48685621,2.503106768,,2.497298364,2.48685621,2.497418649,2.495545842,2.493433055,2.497484684,2.496362989,2.503106768,2.501945769,2.499013227
OVT_VREF SglV,2.45,2.55,V,2.498180475,2.488203046,2.504468929,,2.498561647,2.488203046,2.498703085,2.496888731,2.494737924,2.4988337,2.497734215,2.504468929,2.503350545,2.500322931
HTRREG_VREF_BUF,2.45,2.55,V,2.500860148,2.490980039,2.506882641,,2.500994842,2.490980039,2.502113666,2.499985784,2.496972366,2.50223163,2.500222943,2.506882641,2.505287085,2.502930485
HTRREG_VREF_NBUF,2.45,2.55,V,2.500960348,2.491080736,2.50697141,,2.501095844,2.491080736,2.502250286,2.500098936,2.497083538,2.502312241,2.500329185,2.50697141,2.5053706,2.503010704
HTR_VREF DiffV,2.45,2.55,V,2.495292535,2.485718768,2.50045176,,2.494426483,2.485718768,2.498061581,2.495318452,2.492403715,2.496651845,2.492299994,2.50045176,2.50016393,2.497428822
HTR_VREF SglV,2.45,2.55,V,2.496580164,2.486976614,2.501749143,,2.495656221,2.486976614,2.499335773,2.496610832,2.493659418,2.497948681,2.493609021,2.501749143,2.501523196,2.498732741
H2S_VREF DiffV,2.45,2.55,V,2.501047052,2.490855879,2.506985835,,2.500495284,2.490855879,2.502052384,2.500327365,2.497419568,2.502619033,2.500085199,2.506985835,2.506026573,2.503603397
H2S_VREF SglV,2.45,2.55,V,2.504348167,2.494129687,2.510337674,,2.503721846,2.494129687,2.505318362,2.503609263,2.500659219,2.505959396,2.503446671,2.510337674,2.509387307,2.506912248
T1DAC_VREF DiffV,2.45,2.55,V,2.500546801,2.490847601,2.506033651,,2.501074457,2.490847601,2.50200768,2.501058619,2.49629837,2.501525626,2.499454308,2.506033651,2.504330781,2.502836921
T1DAC_VREF SglV,2.45,2.55,V,2.505215439,2.495508346,2.51077004,,2.505656303,2.495508346,2.506649205,2.50571184,2.500853623,2.506257283,2.504196206,2.51077004,2.509041685,2.507509862
T2DAC_VREF DiffV,2.45,2.55,V,2.504449845,2.496483205,2.510438942,,2.502904278,2.496483205,2.507456774,2.50103584,2.50368639,2.50519485,2.502978091,2.510438942,2.508151962,2.506168112
T2DAC_VREF SglV,2.45,2.55,V,2.5083285,2.500260862,2.51433095,,2.506756287,2.500260862,2.511265903,2.504899241,2.507536544,2.509158565,2.506938258,2.51433095,2.512127385,2.51001101
EXTDAC_VCM DiffV,2.45,2.55,V,2.496254787,2.488698332,2.502857422,,2.496193798,2.488698332,2.497775638,2.494555726,2.49214275,2.501558599,2.494771701,2.502857422,2.498365416,2.495628492
EXTDAC_VCM SglV,2.45,2.55,V,2.498376814,2.490797096,2.505024801,,2.4982396,2.490797096,2.499866897,2.496648157,2.49419548,2.503690725,2.496965188,2.505024801,2.500553236,2.497786955
OVTDAC_VCM DiffV,2.45,2.55,V,2.499890701,2.492665122,2.504682366,,2.496183592,2.492665122,2.499000261,2.501635428,2.496323843,2.504682366,2.502677604,2.504300054,2.501596221,2.499842524
OVTDAC_VCM SglV,2.45,2.55,V,2.501156419,2.493920983,2.505998523,,2.49737817,2.493920983,2.500217652,2.502900499,2.497555608,2.505998523,2.503957533,2.505580423,2.502938235,2.501116561
HTR_VCM  DiffV,2.45,2.55,V,2.501426252,2.495838002,2.505743,,2.502193891,2.495838002,2.498350464,2.501030177,2.501388349,2.505548102,2.495961718,2.505743,2.504949692,2.503259128
HTR_VCM SglV,2.45,2.55,V,2.502679251,2.497090998,2.507010743,,2.503394717,2.497090998,2.499564072,2.502297557,2.50261189,2.506796612,2.497238032,2.507010743,2.506266991,2.5045209
H2S_VCM  DiffV,2.45,2.55,V,2.495360666,2.4849286,2.502985908,,2.492514542,2.4849286,2.499391049,2.494073136,2.488595094,2.494761084,2.499359364,2.502985908,2.500847793,2.496150087
H2S_VCM SglV,2.45,2.55,V,2.498627258,2.488125814,2.506334943,,2.495720964,2.488125814,2.50267749,2.49728745,2.49178332,2.498046793,2.502684002,2.506334943,2.50416243,2.49944937
T1DAC_VCM  DiffV,2.45,2.55,V,2.497124818,2.489981699,2.505147499,,2.501684225,2.489981699,2.496820183,2.492668854,2.492359042,2.500131651,2.491192009,2.505147499,2.501206849,2.50005617
T1DAC_VCM SglV,2.45,2.55,V,2.501777656,2.494651396,2.509907927,,2.506212621,2.494651396,2.501411269,2.497293255,2.496884414,2.504870974,2.49591758,2.509907927,2.505891322,2.5047358
T2DAC_VCM  DiffV,2.45,2.55,V,2.495585279,2.486903687,2.500615655,,2.498611012,2.486903687,2.498955891,2.490792167,2.497523788,2.492026162,2.498252341,2.500615655,2.498869772,2.493302318
T2DAC_VCM SglV,2.45,2.55,V,2.499448158,2.490676425,2.504513604,,2.502400786,2.490676425,2.502764818,2.494644681,2.501300992,2.495911539,2.50225376,2.504513604,2.502803525,2.497211454
VPTAT_VREF2P5,-1,-0.6,V,-0.844736366,-0.855257801,-0.832685289,,-0.85223599,-0.832685289,-0.842308549,-0.83482649,-0.849383018,-0.849861594,-0.844850962,-0.855257801,-0.846573965,-0.839380003
VPTAT,1.1,2.3,V,1.656864719,1.648696274,1.667234352,,1.648696274,1.657944046,1.661880561,1.667234352,1.651686207,1.65214644,1.65277927,1.655516058,1.6585878,1.662176179
ADC1_VREF,2.45,2.55,V,2.504046867,2.49414827,2.510086173,,2.503985468,2.49414827,2.505374691,2.503196239,2.500138499,2.505486803,2.503572124,2.510086173,2.508410894,2.506069505
ADC2_VREF,2.45,2.55,V,2.504069579,2.494111918,2.510051455,,2.504103286,2.494111918,2.505340263,2.503241078,2.500092187,2.50552338,2.503671509,2.510051455,2.508437623,2.506123087
ADC3_VREF,2.45,2.55,V,2.504133815,2.494242782,2.51017052,,2.504172342,2.494242782,2.505407896,2.503244249,2.500162506,2.50556631,2.503716096,2.51017052,2.508509801,2.506145645
ASW 1 Off R,100,,Mohm,443.4042803,375.5586736,503.0953246,,432.3221095,503.0953246,500.0856391,480.4705278,474.3282671,411.1629256,446.8746748,414.7755578,375.5586736,395.3691031
ASW 2 Off R,100,,Mohm,9725.630239,1330.310668,34985.88904,,4514.409358,22848.36056,1401.134409,1536.006152,1330.310668,12566.16667,34985.88904,5635.889429,3551.409,8886.727103
ASW 3 Off R,100,,Mohm,798.9406425,692.4128897,1034.680532,,693.17181,782.7617428,729.7794231,747.1911501,692.4128897,883.5480011,907.6910013,730.7849974,787.3848769,1034.680532
ASW 1 On R,3,15,Ohm,6.856821911,6.740518623,7.035351308,,7.035351308,6.959681457,6.850461688,6.87339111,6.862340056,6.766174231,6.750801847,6.740518623,6.786902754,6.942596037
ASW 2 On R,3,15,Ohm,6.325528461,6.119575966,6.749634764,,6.403311174,6.749634764,6.237506892,6.386399013,6.262876243,6.177937763,6.131372691,6.119575966,6.444484647,6.342185453
ASW 3 On R,3,15,Ohm,9.226358752,8.964209678,9.569203599,,9.569203599,9.306372956,9.345298402,9.358309657,9.304357083,8.964209678,9.080355281,9.046352548,8.985385324,9.303742995
G_HTRDAC,47,53,V/V,48.278058,48.22917813,48.32633407,,48.27922159,48.32633407,48.23600902,48.2488188,48.28202856,48.32170463,48.26595219,48.27233283,48.22917813,48.3190002
G_OVTDAC,0.96,1.04,V/V,1.000087522,1.000067986,1.000120352,,1.000072786,1.000087254,1.000111003,1.00007333,1.000067986,1.000120352,1.000078609,1.000082446,1.000086428,1.000095024
G_SUPATTEN,0.48,0.52,V/V,0.497684134,0.496447079,0.498560724,,0.497586752,0.497608629,0.497870386,0.498105067,0.497559335,0.49812115,0.497263228,0.496447079,0.498560724,0.497718987
G_HTRATTEN,0.6,0.72,V/V,0.657045352,0.654644209,0.658533219,,0.65705652,0.657470247,0.657326746,0.657501691,0.654644209,0.65732519,0.65719389,0.655632077,0.658533219,0.65776973
ADC1_1X_M4V,-4.02,-3.98,V,-3.9964908,-4.012299,-3.986735,,-3.995881,-4.012299,-3.994629,-3.99723,-4.002285,-3.994518,-3.997428,-3.986735,-3.990088,-3.993815
ADC1_1X_M2V,-2.02,-1.98,V,-2.0005823,-2.008693,-1.995706,,-2.000213,-2.008693,-1.999821,-2.000696,-2.003596,-1.999775,-2.001008,-1.995706,-1.997441,-1.998874
ADC1_1X_0V,-0.02,0.02,V,-0.000199,-0.000787,0.000311,,-0.00034,-0.000593,-0.000236,0.000086,-0.000421,-0.000787,0.000072,-0.000152,0.00007,0.000311
ADC1_1X_2V,1.98,2.02,V,2.0005669,1.99573,2.007959,,1.999865,2.007959,1.999764,2.001257,2.003124,1.998595,2.001586,1.99573,1.99795,1.999839
ADC1_1X_4V,3.98,4.02,V,4.0017282,3.992276,4.016819,,4.000401,4.016819,4.000154,4.002826,4.007014,3.998367,4.003447,3.992276,3.996211,3.999767
ADC1_2X_ADC_GAIN_M4V,-4.02,-3.98,V,-3.9983191,-4.014299,-3.988216,,-3.997521,-4.014299,-3.996518,-3.999052,-4.004189,-3.99628,-3.999486,-3.988216,-3.991907,-3.995723
ADC1_2X_ADC_GAIN_M2V,-2.02,-1.98,V,-2.0019413,-2.010152,-1.996923,,-2.001425,-2.010152,-2.001206,-2.002088,-2.004951,-2.001171,-2.002436,-1.996923,-1.998765,-2.000296
ADC1_2X_ADC_GAIN_0V,-0.02,0.02,V,-0.0010814,-0.001691,-0.000667,,-0.001155,-0.001486,-0.001094,-0.000814,-0.001329,-0.001691,-0.000812,-0.000951,-0.000815,-0.000667
ADC1_2X_ADC_GAIN_2V,1.98,2.02,V,2.0001101,1.995359,2.0075,,1.999412,2.0075,1.999373,2.000812,2.002617,1.998107,2.001151,1.995359,1.997484,1.999286
ADC1_2X_ADC_GAIN_4V,3.98,4.02,V,4.001461,3.991801,4.016632,,4.000102,4.016632,4.000042,4.002618,4.006718,3.99808,4.00331,3.991801,3.995911,3.999396
ADC2_1X_M4V,-4.02,-3.98,V,-3.9983643,-4.013907,-3.988949,,-3.997729,-4.013907,-3.996855,-3.999198,-4.003896,-3.996318,-3.999718,-3.988949,-3.990997,-3.996076
ADC2_1X_M2V,-2.02,-1.98,V,-2.0013915,-2.009221,-1.996796,,-2.001038,-2.009221,-2.000938,-2.001679,-2.004084,-2.000348,-2.002189,-1.996796,-1.997573,-2.000049
ADC2_1X_0V,-0.02,0.02,V,-0.0002022,-0.000611,0.000362,,-0.000401,-0.000331,-0.000611,0.000015,-0.000168,-0.00023,-0.00031,-0.000291,0.000362,-0.000057
ADC2_1X_2V,1.98,2.02,V,2.0011552,1.996401,2.008751,,2.000402,2.008751,1.999989,2.00179,2.003865,2.000058,2.001768,1.996401,1.998487,2.000041
ADC2_1X_4V,3.98,4.02,V,4.0027316,3.993272,4.017973,,4.001362,4.017973,4.000713,4.003812,4.008136,4.000657,4.004051,3.993272,3.996832,4.000508
ADC2_2X_ADC_GAIN_M4V,-4.02,-3.98,V,-3.998995,-4.014513,-3.989473,,-3.998365,-4.014513,-3.997498,-3.999956,-4.004546,-3.996996,-4.000392,-3.989473,-3.991428,-3.996783
ADC2_2X_ADC_GAIN_M2V,-2.02,-1.98,V,-2.0021799,-2.009966,-1.9976,,-2.001832,-2.009966,-2.001748,-2.002506,-2.004861,-2.001107,-2.003033,-1.9976,-1.998247,-2.000899
ADC2_2X_ADC_GAIN_0V,-0.02,0.02,V,-0.0009929,-0.001367,-0.000335,,-0.00117,-0.00104,-0.001367,-0.000861,-0.000976,-0.000999,-0.001143,-0.001077,-0.000335,-0.000961
ADC2_2X_ADC_GAIN_2V,1.98,2.02,V,2.0004468,1.995684,2.008122,,1.999705,2.008122,1.999283,2.001073,2.003161,1.999366,2.00104,1.995684,1.997802,1.999232
ADC2_2X_ADC_GAIN_4V,3.98,4.02,V,4.0019854,3.992533,4.017382,,4.000696,4.017382,4.00006,4.003072,4.007383,3.99984,4.003298,3.992533,3.996065,3.999525
ADC3_1X_M4V,-4.02,-3.98,V,-3.9985716,-4.015207,-3.989444,,-3.997327,-4.015207,-3.996548,-3.999796,-4.005939,-3.996201,-3.999323,-3.989444,-3.990106,-3.995825
ADC3_1X_M2V,-2.02,-1.98,V,-2.0014008,-2.009604,-1.997162,,-2.000449,-2.009604,-2.00065,-2.001807,-2.005243,-2.000253,-2.001831,-1.997235,-1.997162,-1.999774
ADC3_1X_0V,-0.02,0.02,V,-0.0004199,-0.000937,-0.000037,,-0.000037,-0.000198,-0.00062,-0.00014,-0.000879,-0.000677,-0.000406,-0.000937,-0.000177,-0.000128
ADC3_1X_2V,1.98,2.02,V,2.0006961,1.995483,2.009375,,2.000485,2.009375,1.999564,2.001654,2.003598,1.99903,2.001187,1.995483,1.996954,1.999631
ADC3_1X_4V,3.98,4.02,V,4.0021424,3.9922,4.019272,,4.001257,4.019272,4.000021,4.003754,4.008469,3.999133,4.003064,3.9922,3.994562,3.999692
ADC3_2X_ADC_GAIN_M4V,-4.02,-3.98,V,-3.9990704,-4.01572,-3.990042,,-3.997726,-4.01572,-3.99715,-4.000232,-4.006284,-3.996722,-3.999908,-3.990042,-3.990506,-3.996414
ADC3_2X_ADC_GAIN_M2V,-2.02,-1.98,V,-2.0022356,-2.0104,-1.997974,,-2.00123,-2.0104,-2.001547,-2.00264,-2.006067,-2.001089,-2.002682,-1.998083,-1.997974,-2.000644
ADC3_2X_ADC_GAIN_0V,-0.02,0.02,V,-0.0012708,-0.001828,-0.000836,,-0.000836,-0.000977,-0.001465,-0.001028,-0.001761,-0.001517,-0.001279,-0.001828,-0.000989,-0.001028
ADC3_2X_ADC_GAIN_2V,1.98,2.02,V,1.9999213,1.994684,2.008682,,1.999707,2.008682,1.998834,2.000864,2.002756,1.998257,2.000369,1.994684,1.996207,1.998853
ADC3_2X_ADC_GAIN_4V,3.98,4.02,V,4.0012226,3.99129,4.018475,,4.000394,4.018475,3.999194,4.002856,4.007397,3.998187,4.002148,3.99129,3.993558,3.998727
EDAC_1_6,0.68,0.88,V,0.831362495,0.828626418,0.833007487,,0.831449809,0.832842701,0.831413527,0.830296685,0.828626418,0.832338601,0.830046889,0.831639177,0.831963657,0.833007487
EDAC_2_6,1.53,1.73,V,1.660459029,1.655116562,1.663338251,,1.659972248,1.658807131,1.660937783,1.660554193,1.655116562,1.662546883,1.658490589,1.663338251,1.662279818,1.662546827
EDAC_3_6,2.38,2.58,V,2.489582232,2.481655893,2.495047119,,2.488589068,2.484780391,2.490489728,2.490828131,2.481655893,2.492822763,2.486919067,2.495047119,2.492557653,2.492132511
EDAC_4_6,3.25,3.45,V,3.31883575,3.30830431,3.326835037,,3.317296486,3.310859167,3.320237305,3.321229612,3.30830431,3.323214038,3.315528903,3.326835037,3.323055392,3.32179725
EDAC_5_6,4.1,4.3,V,4.148287857,4.135205979,4.158829612,,4.146243595,4.137133496,4.150133037,4.151805828,4.135205979,4.153764973,4.144369002,4.158829612,4.153726025,4.151667025
OVTDAC_1_6,0.48,0.68,V,0.581549772,0.579343582,0.582717765,,0.582099939,0.579343582,0.581842781,0.581272298,0.580633309,0.581160733,0.581904288,0.582717765,0.582371382,0.582151647
OVTDAC_2_6,1.06,1.26,V,1.164328531,1.159870296,1.166642169,,1.165324077,1.159870296,1.164714395,1.163839865,1.162512341,1.163653788,1.164897842,1.166642169,1.166022777,1.165807766
OVTDAC_3_6,1.64,1.84,V,1.747168337,1.740435461,1.750644449,,1.748582257,1.740435461,1.747649163,1.746447721,1.744475408,1.746202684,1.747956847,1.750644449,1.749752357,1.749537025
OVTDAC_4_6,2.23,2.43,V,2.330034525,2.321044856,2.334674219,,2.331844727,2.321044856,2.330625542,2.329135243,2.326441796,2.32879278,2.331021029,2.334674219,2.333479721,2.333285343
OVTDAC_5_6,2.81,3.01,V,2.912965253,2.901701056,2.918794492,,2.915169277,2.901701056,2.913651756,2.911800818,2.90849862,2.911444182,2.914161602,2.918794492,2.917331886,2.917098841
OVTDAC MidScaleV,1.64,1.84,V,1.747292335,1.740596009,1.750762269,,1.748683403,1.740596009,1.747773342,1.746586185,1.744607747,1.746334445,1.748067981,1.750762269,1.749861634,1.749650337
OVT Comp MidScale Trip Point,1.6,1.9,V,1.76827019,1.760364342,1.771897721,,1.769611268,1.760364342,1.767363766,1.76658102,1.764921588,1.768847769,1.76988392,1.771391291,1.771839219,1.771897721
OVT Thresh Offset,10,40,mV,20.97785512,19.5904238,22.51332394,,20.92786479,19.76833215,19.5904238,19.99483517,20.31384161,22.51332394,21.81593929,20.62902197,21.97758463,22.2473839
HREGDAC_Chop_1_6,0.68,0.88,V,0.785898792,0.782928605,0.791112073,,0.783347677,0.784013023,0.78616899,0.78412884,0.782928605,0.786545693,0.786191415,0.791112073,0.787872252,0.786679357
HREGDAC_Chop_2_6,1.53,1.73,V,1.642753955,1.634091383,1.651499056,,1.647701177,1.634091383,1.648647922,1.642603746,1.634470325,1.63948704,1.638373353,1.651499056,1.646920417,1.643745132
HREGDAC_Chop_3_6,2.38,2.58,V,2.497033783,2.489121165,2.502454278,,2.498079329,2.489121165,2.494887169,2.494613961,2.499400145,2.502454278,2.501907377,2.490647248,2.501554343,2.497672817
HREGDAC_Chop_4_6,3.25,3.45,V,3.355811627,3.345242254,3.362601045,,3.354423991,3.345242254,3.353862943,3.351720111,3.354869326,3.362175217,3.360615821,3.354738228,3.362601045,3.357867333
HREGDAC_Chop_5_6,4.1,4.3,V,4.213785396,4.19691819,4.221881621,,4.219521401,4.19691819,4.21793764,4.211181071,4.207025083,4.217039047,4.214284225,4.216240125,4.221881621,4.215825556
HTRDAC_1_6,0.32,0.52,V,0.418006474,0.415514805,0.419527628,,0.418693218,0.416497282,0.41749019,0.417612169,0.417494748,0.41952331,0.415514805,0.418310973,0.419527628,0.419400411
HTRDAC_2_6,0.73,0.93,V,0.834826471,0.831729679,0.837322955,,0.835873081,0.831994939,0.835492231,0.835123584,0.833614285,0.835844259,0.831729679,0.835337793,0.837322955,0.835931908
HTRDAC_3_6,1.15,1.35,V,1.251645153,1.247467465,1.255064733,,1.253063015,1.247467465,1.253505604,1.252665156,1.249791463,1.252182721,1.247921224,1.252348714,1.255064733,1.252441431
HTRDAC_4_6,1.56,1.76,V,1.668497361,1.663000826,1.672860921,,1.670245197,1.663000826,1.671521258,1.670236969,1.665983713,1.668521169,1.664172016,1.669415042,1.672860921,1.669016502
HTRDAC_5_6,1.98,2.18,V,2.085357876,2.078496619,2.090668643,,2.087518894,2.078496619,2.089526255,2.087841872,2.082193141,2.08489236,2.080456851,2.086424872,2.090668643,2.085559255
H2SDAC_1_6,0.57,0.77,V,0.666379065,0.661905598,0.669026885,,0.6677545,0.665838223,0.666962211,0.665345804,0.66641846,0.666366911,0.661905598,0.669026885,0.668333914,0.665838138
H2SDAC_2_6,1.23,1.43,V,1.333063965,1.328525759,1.336886273,,1.33348994,1.329718261,1.333533093,1.332717873,1.332815995,1.333017199,1.328525759,1.336886273,1.336282807,1.333652451
H2SDAC_3_6,1.9,2.1,V,1.999781455,1.993572289,2.004858162,,1.999190083,1.993572289,2.000209082,2.000138085,1.999306513,1.999682019,1.995122467,2.004858162,2.004235174,2.001500676
H2SDAC_4_6,2.56,2.76,V,2.666557533,2.657465041,2.67289857,,2.664941758,2.657465041,2.666888081,2.667615828,2.665852129,2.66641951,2.661752293,2.67289857,2.672341117,2.669401004
H2SDAC_5_6,3.25,3.45,V,3.333442827,3.321463322,3.340987504,,3.330811382,3.321463322,3.333890167,3.335143434,3.332488379,3.3331923,3.328543184,3.340987504,3.340575742,3.337332855
H2S2DAC_1_6,0.57,0.77,V,0.666379526,0.661918988,0.669005982,,0.667775293,0.665843782,0.666973785,0.665331874,0.666417868,0.666377042,0.661918988,0.669005982,0.668321077,0.66582957
H2S2DAC_2_6,1.23,1.43,V,1.333065903,1.328565766,1.3368609,,1.333502827,1.329707638,1.333528607,1.332717506,1.332821131,1.333049288,1.328565766,1.3368609,1.33628975,1.333615615
H2S2DAC_3_6,1.9,2.1,V,1.999786126,1.993585291,2.004873381,,1.999187738,1.993585291,2.000190222,2.000134288,1.999305047,1.999716298,1.995146905,2.004873381,2.004249292,2.001472794
H2S2DAC_4_6,2.56,2.76,V,2.666559986,2.657462305,2.672902199,,2.66497203,2.657462305,2.666948072,2.667625204,2.665868991,2.666410477,2.661781659,2.672902199,2.67227131,2.669357612
H2S2DAC_5_6,3.25,3.45,V,3.33346348,3.3214741,3.340995479,,3.330862052,3.3214741,3.333916163,3.335171264,3.33245833,3.333226271,3.32860294,3.340995479,3.340583392,3.337344808
H2TDAC_1_6,0.57,0.77,V,0.667050757,0.66514455,0.670052323,,0.667633519,0.66514455,0.666339296,0.665861554,0.667842633,0.666538696,0.665618515,0.670052323,0.668986471,0.666490015
H2TDAC_2_6,1.23,1.43,V,1.33460184,1.330367597,1.33806246,,1.335544941,1.330367597,1.335292792,1.332690394,1.334028877,1.334613176,1.33255722,1.33806246,1.337755617,1.33510533
H2TDAC_3_6,1.9,2.1,V,2.002201915,1.995704425,2.006625496,,2.00351702,1.995704425,2.00424878,1.999594905,2.000260996,2.002651509,1.999573296,2.006130646,2.006625496,2.003712071
H2TDAC_4_6,2.56,2.76,V,2.669896773,2.661214961,2.675576971,,2.671535788,2.661214961,2.673297306,2.666573917,2.666648,2.670702634,2.666727676,2.674309604,2.675576971,2.672380872
H2TDAC_5_6,3.25,3.45,V,3.337599033,3.326759461,3.344564123,,3.339643993,3.326759461,3.342347068,3.333620871,3.333006272,3.338742032,3.333837901,3.342425925,3.344564123,3.34104268
PCBDAC_1_6,0.57,0.77,V,0.660487318,0.65819656,0.662554624,,0.660485922,0.65904393,0.662554624,0.662245652,0.658686271,0.66099945,0.65819656,0.662174221,0.660185827,0.660300726
PCBDAC_2_6,1.23,1.43,V,1.330476733,1.327373819,1.334004608,,1.330496909,1.327373819,1.334004608,1.330887663,1.329824865,1.331156809,1.327938439,1.333242041,1.330830702,1.329011473
PCBDAC_3_6,1.9,2.1,V,1.999973692,1.995253081,2.004780074,,2.000124835,1.995253081,2.004780074,1.999197007,2.000229736,2.000612586,1.997147546,2.003829701,2.001002025,1.99756033
PCBDAC_4_6,2.56,2.76,V,2.668804981,2.662107669,2.674753621,,2.669213525,2.662107669,2.674753621,2.666919705,2.669942016,2.669528916,2.66568746,2.673985764,2.670427808,2.665483322
PCBDAC_5_6,3.25,3.45,V,3.33730077,3.32876922,3.344206014,,3.338230307,3.32876922,3.344206014,3.334682982,3.339028513,3.338057465,3.333603788,3.343791401,3.339597366,3.333040641
VADC1MUX_0,0.9,1.1,V,0.99937627,0.991688637,1.007920771,,1.007920771,0.996273145,0.999896836,0.99753858,1.000651188,0.991688637,0.99561361,1.00559319,0.99956697,0.999019775
VADC1MUX_1,1.8,2.2,V,1.999131522,1.991601503,2.007874148,,2.007874148,1.996181413,1.999836924,1.996870493,2.000078013,1.991601503,1.995340844,2.005859819,1.998671574,1.999000494
VADC1MUX_2,0.9,1.1,V,0.993129496,0.986844891,1.000257933,,1.000257933,0.988288785,0.994932495,0.992245812,0.995747707,0.987297068,0.986844891,0.996717053,0.994509993,0.994453222
VADC1MUX_3,1.8,2.2,V,1.999122813,1.991597272,2.00783575,,2.00783575,1.996119794,1.999841127,1.996849176,2.000106253,1.991597272,1.995407308,2.005819504,1.9986364,1.999015544
VADC1MUX_4,0.9,1.1,V,0.999365757,0.991691376,1.007910226,,1.007910226,0.996231107,0.999847544,0.997476868,1.000720222,0.991691376,0.995636051,1.005567916,0.99955188,0.999024382
VADC1MUX_5,1.8,2.2,V,1.999109776,1.991593654,2.007860129,,2.007860129,1.996107654,1.999808757,1.996816418,2.000123312,1.991593654,1.995342118,2.005811282,1.998632699,1.999001734
VADC1MUX_6,1.8,2.2,V,2.000154734,1.98766244,2.012194675,,2.012194675,2.006930762,2.003179806,1.996358698,2.00343835,1.98766244,1.992630571,2.004860522,1.995435016,1.998856496
VADC1MUX_7,0.9,1.1,V,1.000561066,0.99065341,1.009071534,,1.009071534,1.007642068,1.000693419,0.999009098,1.00560501,0.99065341,0.997209128,1.001183558,0.996465185,0.99807825
VADC1MUX_8,1.8,2.2,V,2.000306841,1.987815984,2.012333286,,2.012333286,2.007108123,2.003349626,1.996491714,2.003595004,1.987815984,1.992759436,2.005008731,1.995588753,1.999017755
VADC1MUX_9,0.9,1.1,V,1.000700972,0.990811674,1.009157461,,1.009157461,1.007787023,1.000906607,0.999177299,1.005726804,0.990811674,0.997378316,1.00131628,0.996575151,0.998173108
VADC1MUX_10,1.8,2.2,V,2.000440294,1.987928654,2.012491466,,2.012491466,2.007197317,2.003504981,1.996707045,2.003716236,1.987928654,1.992920457,2.005130676,1.995653665,1.999152441
VADC1MUX_11,0.9,1.1,V,1.000811,0.990912091,1.009261605,,1.009261605,1.007889885,1.001025474,0.999259568,1.005832586,0.990912091,0.997508442,1.001421689,0.99670211,0.998296551
VADC1MUX_13,-0.1,0.1,V,-0.000716346,-0.007147723,0.007577771,,0.007577771,-0.004391564,-0.001509503,-0.001419671,0.001120554,-0.007147723,-0.004813606,0.005097435,-0.000447546,-0.001229603
VADC1MUX_14,-0.1,0.1,V,-0.000380063,-0.008215514,0.00817394,,0.00817394,-0.003587146,-1.70451E-05,-0.001858048,0.001258999,-0.008215514,-0.004349953,0.005510726,0.000324109,-0.001040699
VADC1MUX_15,-1.4,-1.1,V,-1.2401785,-1.248215906,-1.232198365,,-1.232198365,-1.238533592,-1.241090176,-1.240454919,-1.235861795,-1.248215906,-1.244604725,-1.237923024,-1.241719081,-1.241183421
VADC1MUX_SELX,0.25,0.75,V,0.500824493,0.491235388,0.509009078,,0.509009078,0.507704575,0.500683364,0.499755954,0.506061211,0.491235388,0.497612483,0.500942352,0.497119371,0.498121156
VADC1MUX_EXT,0.9,1.1,V,0.999907073,0.999892876,0.999918351,,0.999911358,0.999918351,0.999912136,0.999914355,0.999915365,0.999903214,0.999897987,0.999892876,0.999900838,0.999904254
VADC2MUX_0,0.9,1.1,V,1.001215987,0.99030993,1.009815169,,0.997325568,1.002285675,1.003408616,1.000277763,0.995788816,1.009815169,1.002506247,1.0028076,1.007634482,0.99030993
VADC2MUX_1,1.8,2.2,V,2.001090994,1.990109341,2.010474754,,1.996886725,2.001723819,2.00378676,1.999932038,1.99558727,2.010474754,2.002934686,2.00232517,2.007149378,1.990109341
VADC2MUX_2,0.9,1.1,V,1.001220499,0.990321707,1.00981001,,0.997295184,1.002277241,1.003412176,1.000276002,0.995796076,1.00981001,1.002504706,1.002857792,1.007654097,0.990321707
VADC2MUX_3,1.8,2.2,V,2.001084206,1.990101784,2.010464504,,1.996830232,2.001730893,2.003790751,1.999933773,1.995565276,2.010464504,2.002943062,2.002321587,2.007160197,1.990101784
VADC2MUX_4,0.9,1.1,V,1.001217863,0.990320152,1.009826361,,0.997278648,1.002282793,1.003392754,1.000266257,0.99582799,1.009826361,1.002522403,1.002795511,1.007665765,0.990320152
VADC2MUX_5,1.8,2.2,V,2.001075176,1.990067044,2.010514695,,1.996849769,2.001702898,2.003784675,1.999948257,1.995519405,2.010514695,2.002952089,2.002301504,2.007111422,1.990067044
VADC2MUX_6,1.8,2.2,V,2.002203815,1.984834607,2.016077426,,1.996221369,2.007811647,2.000203518,2.003606526,1.999334347,2.016077426,2.007007186,1.99923086,2.007710665,1.984834607
VADC2MUX_7,0.9,1.1,V,1.002907312,0.989443611,1.013327833,,0.998545745,1.013327833,1.004298577,1.00319562,1.001655022,1.010089947,1.004647606,0.998132654,1.005736501,0.989443611
VADC2MUX_8,1.8,2.2,V,2.002261413,1.984897847,2.016132931,,1.996326569,2.007913755,2.000219348,2.003649248,1.999387112,2.016132931,2.007068506,1.999263427,2.007755381,1.984897847
VADC2MUX_9,0.9,1.1,V,1.002944243,0.989503883,1.013351867,,0.998580439,1.013351867,1.004294268,1.003288361,1.001638564,1.010164512,1.004684576,0.998221046,1.005714918,0.989503883
VADC2MUX_10,1.8,2.2,V,2.002302067,1.984864789,2.01615829,,1.996347244,2.007936569,2.000331257,2.003693034,1.99950609,2.01615829,2.007089247,1.999354151,2.007739997,1.984864789
VADC2MUX_11,0.9,1.1,V,1.002978615,0.98952089,1.013421158,,0.998611741,1.013421158,1.004349704,1.003300511,1.001696317,1.010189534,1.004705053,0.998247262,1.005743982,0.98952089
VADC2MUX_13,-0.1,0.1,V,0.0016146,-0.009336486,0.008621648,,-0.002144269,0.005137781,0.002655695,-0.000332433,-0.004140633,0.008621648,0.003764128,0.004076405,0.007844161,-0.009336486
VADC2MUX_14,-0.1,0.1,V,0.001439453,-0.00949564,0.009133816,,-0.002190451,0.003061793,0.002953,0.000702207,-0.003735216,0.009133816,0.002293347,0.003357057,0.008314619,-0.00949564
VADC2MUX_15,-1.4,-1.1,V,-1.238093113,-1.249448122,-1.229696745,,-1.241699578,-1.229696745,-1.238274897,-1.238856893,-1.241078142,-1.232375318,-1.237181658,-1.239076688,-1.233243091,-1.249448122
VADC2MUX_SELX,0.25,0.75,V,0.502961336,0.489636348,0.514003782,,0.498649866,0.514003782,0.504088582,0.503278906,0.501578191,0.509647845,0.50460394,0.498465338,0.505660558,0.489636348
VADC3MUX_0,0.56,0.76,V,0.655297757,0.648579812,0.660881419,,0.654239331,0.65587952,0.651728936,0.656889284,0.650558577,0.657555823,0.656605763,0.648579812,0.660881419,0.660059108
VADC3MUX_1,1.8,2.2,V,2.000020983,1.992174806,2.006674929,,1.999301225,2.00083119,1.999072834,2.001288034,1.995394793,2.003396918,1.999423021,1.992174806,2.006674929,2.002652076
VADC3MUX_2,0.9,1.1,V,0.999937148,0.992011496,1.006006597,,0.999208792,1.000857868,0.998967498,1.00118094,0.994989225,1.003101663,1.000255394,0.992011496,1.006006597,1.002792013
VADC3MUX_3,-1,-0.8,V,-0.893346765,-0.905519351,-0.880753775,,-0.898853839,-0.880753775,-0.892817618,-0.883937693,-0.898066564,-0.897827199,-0.893238706,-0.905519351,-0.894029371,-0.888423537
VADC3MUX_4,1.69,2.06,V,1.866825471,1.859702549,1.875510496,,1.867550676,1.863684261,1.869851338,1.869592411,1.86030845,1.869496251,1.862983203,1.859702549,1.875510496,1.869575073
VADC3MUX_5,0.9,1.1,V,0.993920373,0.979925307,1.004543365,,0.991965469,1.004543365,0.992641402,0.996251175,0.992862203,0.995605046,0.995025237,0.979925307,0.996048604,0.994335925
VADC3MUX_6,1.8,2.2,V,1.999998996,1.981938274,2.011319074,,1.991790554,2.010459893,1.997998071,2.005187464,2.004404365,2.001469014,1.996763155,1.981938274,2.011319074,1.998660092
VADC3MUX_7,0.9,1.1,V,0.989028411,0.97522328,0.999490733,,0.987174118,0.999490733,0.987656277,0.991183976,0.988002175,0.990894409,0.989790549,0.97522328,0.991264585,0.989604011
VADC3MUX_8,-0.1,0.1,V,-6.1796E-05,-0.007983542,0.005423616,,-0.000964672,0.000995332,-0.00110749,0.00120679,-0.005226413,0.002864919,0.001056097,-0.007983542,0.005423616,0.003117404
VADC3MUX_9,-0.1,0.1,V,-5.19954E-05,-0.007979943,0.005466783,,-0.000959613,0.00098736,-0.001080171,0.001194347,-0.005204439,0.002851306,0.001090416,-0.007979943,0.005466783,0.003114001
VADC3MUX_10,-0.1,0.1,V,-0.00292513,-0.018363098,0.007829675,,-0.0035048,0.007829675,-0.004111953,-0.001287061,-0.00342284,-0.001194797,-0.000701003,-0.018363098,-0.00209731,-0.002398117
VADC3MUX_13,-0.1,0.1,V,-0.000139681,-0.008115279,0.005831853,,0.000114886,0.001023721,-0.003547674,0.001463749,-0.005596343,0.002278471,0.001033054,-0.008115279,0.005831853,0.004116752
VADC3MUX_14,-0.1,0.1,V,-4.42764E-05,-0.007992682,0.005498768,,-0.000950961,0.00098629,-0.001097184,0.001217387,-0.00518266,0.002874154,0.001077971,-0.007992682,0.005498768,0.003126154
VADC3MUX_15,-1.4,-1.1,V,-1.23969435,-1.251303749,-1.233616845,,-1.240655454,-1.233616845,-1.243141272,-1.237271396,-1.243035527,-1.238042199,-1.237562247,-1.251303749,-1.23690349,-1.235411325
VADC3MUX_SELX,0.25,0.75,V,0.501812322,0.487796719,0.512689619,,0.500203158,0.512689619,0.500419978,0.503998805,0.500521475,0.503378241,0.503241379,0.487796719,0.50339548,0.502478362
VADC3MUX_EXT,-1.1,-0.9,V,-0.999915222,-0.999926431,-0.999902485,,-0.999919117,-0.999926431,-0.999922344,-0.999920948,-0.999920692,-0.999911222,-0.999907812,-0.999902485,-0.999911909,-0.999909254
G_ADC1PGA_BYP,-1.4,-1.1,V,-1.239975266,-1.243511288,-1.234833726,,-1.24038793,-1.234833726,-1.240568751,-1.239448794,-1.237852055,-1.240533369,-1.23997638,-1.243511288,-1.242400376,-1.240239994
G_ADC1PGA1,0.98,1.02,V/V,0.99929708,0.998536714,1.000399794,,1.000399794,0.999065165,0.9999736,0.998536714,0.998577628,0.999039365,0.999033528,0.999876744,0.998863432,0.999604828
G_ADC1PGA_NBYP,-1.4,-1.1,V,-1.241034013,-1.249658633,-1.236386715,,-1.237984578,-1.241828652,-1.240253605,-1.237720631,-1.236481009,-1.242008954,-1.249658633,-1.236386715,-1.244788584,-1.243228769
G_ADC1PGA2,1.96,2.04,V/V,2.002529153,2.001263341,2.00422329,,2.002311391,2.003039273,2.003471463,2.002128906,2.001676292,2.00217093,2.003227186,2.001779458,2.001263341,2.00422329
G_ADC2PGA_BYP,-1.4,-1.1,V,-1.240387945,-1.243884887,-1.23527613,,-1.24073208,-1.23527613,-1.241021276,-1.239861017,-1.238243401,-1.240961876,-1.240452143,-1.243884887,-1.242792029,-1.240654606
G_ADC2PGA1,0.98,1.02,V/V,0.99954253,0.99821626,1.001246052,,0.99887534,0.998566125,0.9995449,0.999699739,0.998886536,1.001246052,1.001168161,0.999461946,0.999760238,0.99821626
G_ADC2PGA_NBYP,-1.4,-1.1,V,-1.241355004,-1.24546398,-1.234311303,,-1.245022187,-1.234311303,-1.245101247,-1.24546398,-1.241220071,-1.239336303,-1.237633649,-1.241891889,-1.24037036,-1.243199046
G_ADC2PGA2,1.96,2.04,V/V,2.002693174,2.00096707,2.004786899,,2.003185542,2.002193004,2.003573977,2.001801373,2.002201112,2.004786899,2.002404378,2.00096707,2.002857818,2.002960565
G_ADC3PGA_BYP,-1.4,-1.1,V,-1.240578057,-1.244062025,-1.235486293,,-1.240896427,-1.235486293,-1.241217226,-1.240061343,-1.238433481,-1.241148559,-1.240673648,-1.244062025,-1.242982405,-1.240819166
G_ADC3PGA1,0.98,1.02,V/V,0.999926936,0.998456113,1.002429545,,0.998915112,1.000072956,1.000343016,1.000332998,1.000247755,0.999804203,0.998456113,0.999318528,1.002429545,0.999349138
G_ADC3PGA_NBYP,-1.4,-1.1,V,-1.242821855,-1.251333093,-1.237959699,,-1.244423383,-1.237959699,-1.24498354,-1.239256903,-1.242598222,-1.242131084,-1.244276294,-1.251333093,-1.240742697,-1.240513634
G_ADC3PGA2,1.96,2.04,V/V,2.002406943,2.000405168,2.00387998,,2.002593894,2.001444486,2.003595307,2.002042699,2.003875957,2.001851289,2.000405168,2.001685456,2.00387998,2.002695192
H2 Dac MidscaleV,1.9,2.1,V,1.998570019,1.992411008,2.00367007,,1.997989823,1.992411008,1.998983866,1.998821573,1.998314408,1.998456414,1.99377021,2.00367007,2.003000613,2.000282208
H2RES_FAULT_CHECK,1,,P/F,1,1,1,,1,1,1,1,1,1,1,1,1,1
T1 Dac MidscaleV,1.9,2.1,V,2.001140331,1.994642534,2.005597297,,2.002473161,1.994642534,2.003142619,1.998537561,1.999267878,2.001560264,1.998557847,2.004968413,2.005597297,2.00265574
T1RES_FAULT_CHECK,1,,P/F,1,1,1,,1,1,1,1,1,1,1,1,1,1
OVTDAC_CAL_0,1.65,1.85,V,1.746557097,1.739841494,1.750054289,,1.74792234,1.739841494,1.747021902,1.745784541,1.743814127,1.745578913,1.747409777,1.750054289,1.74910787,1.749035721
EDAC_CAL_0,2.4,2.6,V,2.484991156,2.474050887,2.490166587,,2.484409013,2.480943105,2.486744167,2.486305836,2.474050887,2.488989446,2.483349881,2.490166587,2.486855017,2.488097618
HTRDAC_CAL_0,1.15,1.35,V,1.245989394,1.243095045,1.249019837,,1.247172695,1.24318354,1.249019837,1.247193379,1.244953668,1.24530693,1.243095045,1.246306921,1.2475624,1.246099522
HTRDAC_CAL_1,0.73,0.93,V,0.830982678,0.828394824,0.832979677,,0.830938613,0.828394824,0.831571167,0.830663215,0.830250477,0.831063273,0.829455019,0.832391284,0.832979677,0.832119226
T2DAC_CAL_0,1.9,2.1,V,1.998873646,1.99380127,2.005454435,,1.995293494,1.995080496,2.001074944,1.99380127,1.997154473,2.003039536,1.999754427,2.005454435,2.003052596,1.995030786
T1DAC_CAL_0,0.56,0.76,V,0.664177685,0.662202389,0.667117619,,0.664791118,0.662202389,0.663452619,0.663016683,0.66510458,0.663724309,0.66271966,0.667117619,0.665974322,0.663673556
T1DAC_CAL_1,2.4,2.5,V,2.493616545,2.483879169,2.499575276,,2.49378527,2.483879169,2.494696531,2.492796871,2.490004943,2.494934879,2.493011559,2.499575276,2.497810118,2.495670833
H2DAC_CAL_0,0.56,0.76,V,0.663827656,0.659447115,0.666226585,,0.665177404,0.663291371,0.664461062,0.662750103,0.664023617,0.663862507,0.659447115,0.666226585,0.665777989,0.663258811
H2DAC_CAL_1,2.4,2.5,V,2.492685365,2.482832235,2.498778977,,2.492819127,2.482832235,2.493803169,2.491885946,2.48911251,2.493990144,2.492021842,2.498778977,2.496867935,2.494741766
VREF2V5_INT,2.3,2.5,V,2.398207178,2.391403618,2.402499516,,2.398665109,2.391403618,2.398111749,2.400194603,2.395787649,2.399121178,2.398447593,2.402499516,2.400084313,2.397756455
VREF2V5_INT_TRIM,1,1.02,V/V,1.012246115,1.012177144,1.0122997,,1.012177144,1.012249878,1.012296601,1.012185048,1.012278675,1.0122997,1.012244856,1.012240907,1.012284473,1.012203868
VCALMIN_P75VREF,0.7,0.8,V/V,0.753046515,0.752736879,0.753312555,,0.753213976,0.753230618,0.752744297,0.753029525,0.75309763,0.753189496,0.752954563,0.752736879,0.752955612,0.753312555
VCALMIN_P50VREF,0.4,0.6,V/V,0.50440246,0.504224388,0.504727671,,0.50429988,0.504473248,0.50435478,0.50441278,0.504490667,0.504462562,0.504269266,0.504224388,0.504309356,0.504727671
VCALMIN_VBG,1.14,1.2,V,1.17635741,1.174094649,1.177370091,,1.174094649,1.175067323,1.176996135,1.176888541,1.175890086,1.17692706,1.176806986,1.177370091,1.177332673,1.176200554
VCALMIN_VBG_TRIM,1.02,1.3,V/V,1.057603498,1.055980187,1.059028987,,1.057597598,1.055980187,1.058154888,1.056043335,1.05687191,1.057820271,1.057225965,1.058430032,1.059028987,1.058881803
